<?xml version="1.0" encoding="UTF-8"?>
<beans xmlns="http://www.springframework.org/schema/beans"
	xmlns:xsi="http://www.w3.org/2001/XMLSchema-instance" xmlns:mvc="http://www.springframework.org/schema/mvc"
	xmlns:context="http://www.springframework.org/schema/context"
	xmlns:aop="http://www.springframework.org/schema/aop" xmlns:tx="http://www.springframework.org/schema/tx"
	xsi:schemaLocation="http://www.springframework.org/schema/beans 
			http://www.springframework.org/schema/beans/spring-beans-3.1.xsd
			http://www.springframework.org/schema/context
        	http://www.springframework.org/schema/context/spring-context.xsd
        	http://www.springframework.org/schema/mvc
        	http://www.springframework.org/schema/mvc/spring-mvc-3.1.xsd
        	http://www.springframework.org/schema/tx
        	http://www.springframework.org/schema/tx/spring-tx-3.1.xsd
        	http://www.springframework.org/schema/aop 
			http://www.springframework.org/schema/aop/spring-aop-3.1.xsd">
	<!-- 自动扫描 -->
	<context:component-scan base-package="com.jfn.*"
		annotation-config="true" use-default-filters="false">
		<!-- 扫描符合@Service @Repository @Controller的类 -->
		<context:include-filter type="annotation"
			expression="org.springframework.stereotype.Controller" />
		<context:include-filter type="annotation"
			expression="org.springframework.stereotype.Service" />
		<context:include-filter type="annotation"
			expression="org.springframework.stereotype.Repository" />
	</context:component-scan>
	<mvc:annotation-driven />

	<!-- 将无法mapping到Controller的path交给default servlet handler处理 -->
	<mvc:default-servlet-handler />
	<bean id="dataSource" class="org.apache.commons.dbcp.BasicDataSource">
		<property name="driverClassName">
			<value>com.mysql.jdbc.Driver</value>
		</property>
		<property name="url">
		<!-- 	<value>jdbc:mysql://42.96.203.20:3306/db_cags_hr?generateSimpleParameterMetadata=true</value>-->
			<value>jdbc:mysql://127.0.0.1:3306/cxrc?useUnicode=true&amp;characterEncoding=utf8&amp;generateSimpleParameterMetadata=true</value>
		</property>
		<property name="username">
				<value>root</value>
		</property> 
		<property name="password">
				<value>root</value>
		</property>
		<!-- 连接Idle一个小时后超时 -->
		<property name="timeBetweenEvictionRunsMillis" value="3600000" />
		<property name="minEvictableIdleTimeMillis" value="3600000" />
	</bean>
	<bean id="txManager"
		class="org.springframework.jdbc.datasource.DataSourceTransactionManager">
		<property name="dataSource" ref="dataSource" />
	</bean>
	<tx:annotation-driven transaction-manager="txManager"></tx:annotation-driven>
	<aop:config>
		<aop:pointcut id="transactionPointcut" expression="execution(* com.jfn.service..*.*(..))" />
		<aop:advisor advice-ref="txAdvice" pointcut-ref="transactionPointcut" />
	</aop:config>

	<tx:advice id="txAdvice" transaction-manager="txManager">
		<tx:attributes>
			<tx:method name="get*" read-only="true" propagation="NOT_SUPPORTED" />
			<tx:method name="*" />
		</tx:attributes>
	</tx:advice>

	<bean id="jdbcTemplate" class="org.springframework.jdbc.core.JdbcTemplate">
		<property name="dataSource">
			<ref bean="dataSource" />
		</property>
	</bean>
	<bean id="npjt"
		class="org.springframework.jdbc.core.namedparam.NamedParameterJdbcTemplate">
		<constructor-arg ref="dataSource" />
	</bean>
	<bean id="fileDao" class="com.jfn.dao.FileDao">
		<property name="jdbcTemplate">
			<ref local="jdbcTemplate" />
		</property>
		<property name="filedir">
			<value>C:/attach/</value>
		</property>
	</bean>
	<bean id="accountManager" class="com.jfn.service.AccountManager">
	</bean>
 	<bean id="fileService" class="com.jfn.service.FileService">
    </bean>
	<bean
		class="org.springframework.web.servlet.mvc.annotation.AnnotationMethodHandlerAdapter">
		<property name="messageConverters">
			<list>
				<bean
					class="org.springframework.http.converter.StringHttpMessageConverter">
					<property name="supportedMediaTypes">
						<list>
							<value>text/plain;charset=UTF-8</value>
						</list>
					</property>
				</bean>
				<bean id="jacksonMessageConverter"
					class="org.springframework.http.converter.json.MappingJacksonHttpMessageConverter">
					<!-- 解决 HttpMediaTypeNotAcceptableException: Could not find acceptable 
						representation -->
					<property name="supportedMediaTypes">
						<list>
							<value>text/html;charset=UTF-8</value>
							<value>application/json;charset=UTF-8</value>
						</list>
					</property>
				</bean>
			</list>
		</property>
	</bean>

</beans>