<?xml version="1.0" encoding="UTF-8"?>

<beans xmlns="http://www.springframework.org/schema/beans"
	xmlns:p="http://www.springframework.org/schema/p" xmlns:xsi="http://www.w3.org/2001/XMLSchema-instance"
	xmlns:mvc="http://www.springframework.org/schema/mvc" xmlns:context="http://www.springframework.org/schema/context"
	xsi:schemaLocation="http://www.springframework.org/schema/beans 
			http://www.springframework.org/schema/beans/spring-beans-3.1.xsd
			http://www.springframework.org/schema/context
        	http://www.springframework.org/schema/context/spring-context.xsd
        	http://www.springframework.org/schema/mvc
        	http://www.springframework.org/schema/mvc/spring-mvc-3.1.xsd">



	<bean id="viewResolver"
		class="org.springframework.web.servlet.view.InternalResourceViewResolver">
		<property name="viewClass"
			value="org.springframework.web.servlet.view.JstlView" />
		<property name="prefix" value="view/" />
		<property name="suffix" value=".jsp" />
	</bean>
	<bean id="multipartResolver"
		class="org.springframework.web.multipart.commons.CommonsMultipartResolver"
		p:defaultEncoding="utf-8">
		<property name="maxUploadSize">
			<value>104857600</value>
		</property>
		<property name="maxInMemorySize">
			<value>4096</value>
		</property>
	</bean>
	<bean name="jsonView"
		class="org.springframework.web.servlet.view.json.MappingJacksonJsonView">
	</bean>
	
</beans>
 